,Scores,Steps
0,-114.77843278122762,75
1,-290.07701206671027,108
2,-174.65168257735377,89
3,-124.00793216577985,66
4,-140.03312115382795,97
5,-167.23586962666798,83
6,-157.73935969941246,84
7,-192.1650292177457,94
8,-106.29445300559085,134
9,-123.112472416262,72
